en,zh,en_tok,zh_tok,en_to_zh_prob,zh_to_en_prob
▁Christmas,圣诞,9271,56905,0.778,0.7446
▁Congress,国会,9866,205054,0.1415,0.2343
▁DNA,DNA,11999,23807,0.5283,0.565
▁English,英,4645,236236,0.1749,0.1926
▁I,我,590,235509,0.799,0.577
▁Mr,Mr,3046,6754,0.368,0.4478
▁Mrs,Mrs,7336,22015,0.6177,0.3555
▁Muslim,穆,26223,239452,0.579,0.1223
▁PC,PC,7533,5586,0.1694,0.2751
▁a,a,476,235250,0.2083,0.2925
▁about,关于,1105,29893,0.0896,0.3777
▁abs,abs,3247,8488,0.2025,0.1359
▁absolute,绝对,6943,49359,0.4412,0.729
▁absorb,吸收,33398,99223,0.2384,0.5435
▁abstract,抽象,9949,75345,0.1383,0.561
▁abuse,虐,16083,240252,0.1705,0.1298
▁accept,接受,6502,37839,0.4307,0.4092
▁accident,事故,10764,67605,0.3726,0.6616
▁accommodation,住宿,23205,126398,0.161,0.4526
▁achievement,成就,24138,83995,0.1849,0.4197
▁acre,亩,23742,241952,0.2544,0.2272
▁action,动作,3105,55849,0.2588,0.6426
▁activity,活动,5640,23515,0.503,0.4937
▁actor,演员,14250,67677,0.4226,0.734
▁actual,实际,5579,42494,0.09393,0.4
▁adapt,适应,14311,97917,0.3142,0.4626
▁add,加,1843,235771,0.574,0.1611
▁addiction,瘾,42026,241995,0.07056,0.4036
▁address,地址,3986,28994,0.5396,0.6157
▁adjust,调整,8017,57972,0.1063,0.3298
▁adobe,adobe,94003,113923,0.4893,0.279
▁advantage,优势,9623,49430,0.1718,0.6465
▁adventure,冒险,18954,104501,0.1855,0.6562
▁advertisement,广告,52351,41489,0.517,0.4653
▁afraid,怕,15002,237079,0.2488,0.5796
▁afternoon,下午,13674,64285,0.4402,0.721
▁again,再,1653,236047,0.2512,0.6553
▁against,反,2691,236282,0.244,0.2336
▁agent,代理,10588,61195,0.171,0.13
▁agree,同意,7147,70107,0.5054,0.683
▁ah,啊,9464,236332,0.4546,0.3625
▁aid,援助,10395,181303,0.2369,0.4043
▁airport,机场,16997,105128,0.3008,0.5522
▁ali,ali,3336,2287,0.0333,0.05478
▁alive,活,14471,235939,0.22,0.2703
▁alliance,同盟,34902,198851,0.3193,0.4978
▁allow,允许,2765,64032,0.2489,0.532
▁alloy,合金,33014,163787,0.419,0.5435
▁almost,几乎,4461,49760,0.1665,0.721
▁alone,alone,6563,31756,0.4744,0.681
▁along,沿,3731,238152,0.2311,0.1542
▁alpha,alpha,12603,4705,0.1288,0.1698
▁already,已经,3303,11546,0.1329,0.5254
▁also,也,1170,235623,0.0849,0.581
▁although,虽然,7546,22899,0.1449,0.5244
▁aluminum,铝,23139,240337,0.4622,0.5044
▁ambassador,大使,53812,131917,0.3513,0.659
▁amber,琥,57687,242676,0.4717,0.2766
▁analysis,分析,4084,24793,0.5693,0.589
▁anchor,锚,29363,243408,0.1958,0.8228
▁and,和,578,235581,0.267,0.328
▁angel,天使,22448,76706,0.7534,0.7764
▁angry,怒,19456,237861,0.3328,0.1768
▁animation,动画,18449,69159,0.724,0.717
▁anniversary,周年,21285,76195,0.15,0.4158
▁anonymous,匿名,35466,65155,0.1617,0.5537
▁answer,答,3448,236661,0.677,0.647
▁ant,蚂蚁,4891,215343,0.0978,0.714
▁any,任何,1089,23748,0.1239,0.5186
▁anytime,随时,36344,92864,0.1912,0.3142
▁apart,apart,10392,92547,0.06082,0.4458
▁api,api,13771,3564,0.0918,0.2395
▁app,app,1059,1217,0.3345,0.2605
▁apparently,apparently,15543,165298,0.2472,0.4497
▁appear,出现,4824,23399,0.1422,0.3435
▁apple,苹果,15491,60088,0.606,0.674
▁applicable,适用,11629,148682,0.1532,0.5176
▁apply,申请,6652,43501,0.3901,0.2374
▁approval,批准,15560,166452,0.09454,0.2299
▁arc,弧,19433,240955,0.584,0.6445
▁arch,拱,2951,241185,0.0882,0.2708
▁archive,档案,34336,66699,0.1678,0.1971
▁armed,武装,23328,151999,0.3147,0.4924
▁arrow,矢,9702,237440,0.2244,0.739
▁art,艺术,3096,34283,0.1656,0.6475
▁artificial,人工,18225,77616,0.4695,0.4656
▁asp,asp,33046,26363,0.02359,0.04745
▁assert,assert,24450,2994,0.4495,0.381
▁assets,资产,14310,84849,0.433,0.3577
▁assistant,助手,20409,129418,0.1748,0.6445
▁athlete,运动员,44418,202845,0.2295,0.569
▁atom,原子,24235,150485,0.6807,0.785
▁attached,附,12412,237255,0.1549,0.4343
▁attack,攻,6279,236836,0.1969,0.5493
▁attention,注意,6137,15003,0.433,0.2556
▁attitude,态度,15700,76941,0.214,0.797
▁attract,吸引,26827,55907,0.0711,0.5464
▁attribute,属性,9224,33095,0.2059,0.2537
▁audience,观众,12207,74129,0.2878,0.4187
▁author,作者,3426,21739,0.404,0.6294
▁authorization,授权,45982,89194,0.11523,0.2129
▁automatic,自动,17234,38226,0.6816,0.6255
▁autumn,秋,22119,236714,0.7505,0.7603
▁avatar,头像,37588,111256,0.1729,0.2247
▁average,平均,5316,52726,0.615,0.653
▁aviation,航空,48750,53784,0.607,0.353
▁avoid,避,6858,237435,0.2878,0.1769
▁award,奖,12871,237754,0.776,0.3965
▁axis,轴,13236,239302,0.2632,0.4263
▁back,后,1355,235725,0.1321,0.3005
▁background,背景,3824,13536,0.2244,0.5713
▁backup,备份,24381,68090,0.3833,0.6777
▁bad,差,3338,236631,0.2825,0.0903
▁bag,袋,4079,237016,0.5747,0.7637
▁balance,平衡,7739,87548,0.2284,0.5996
▁ball,球,5744,236257,0.4495,0.7764
▁banana,香蕉,31985,184903,0.7593,0.597
▁bar,酒吧,2333,153726,0.0867,0.6895
▁base,基地,3222,82380,0.1755,0.722
▁basename,basename,160009,77150,0.2273,0.1195
▁basically,基本上,15208,95199,0.2461,0.534
▁basin,盆,31725,238691,0.1707,0.503
▁basket,篮,12220,239513,0.2766,0.798
▁basketball,篮球,21474,126274,0.692,0.5127
▁bat,蝙蝠,5085,206023,0.2487,0.6875
▁batch,批,16599,237531,0.4917,0.2725
▁bath,浴,7968,237954,0.2837,0.5376
▁battery,电池,10780,85842,0.2316,0.6924
▁battlefield,战场,64182,120971,0.2472,0.678
▁bay,湾,11405,237556,0.1975,0.7397
▁bb,bb,26896,3864,0.0998,0.0913
▁bean,豆,24328,236870,0.2744,0.5566
▁bear,熊,8718,237765,0.5767,0.6924
▁beast,兽,30365,238281,0.2537,0.558
▁beautiful,美,4964,235747,0.2832,0.3213
▁because,因为,1861,13382,0.4197,0.5957
▁bed,床,3609,237320,0.803,0.8525
▁bee,蜂,21903,239137,0.3481,0.69
▁beer,啤酒,15052,114533,0.5464,0.825
▁before,前,1794,235648,0.5654,0.3442
▁beginning,始,7489,236016,0.24,0.1995
▁behavior,行为,8409,51202,0.1366,0.3975
▁believe,相信,4564,36706,0.5293,0.567
▁belly,肚,35299,239245,0.3953,0.5176
▁belong,属,8070,236575,0.199,0.323
▁bend,弯,25614,239620,0.3037,0.5063
▁best,最好,1963,55303,0.1663,0.3945
▁beta,beta,18820,6949,0.1431,0.33
▁between,之间,1865,31432,0.1508,0.721
▁big,大,2824,235469,0.8613,0.6426
▁billion,亿,10409,238234,0.3542,0.5547
▁biology,生物,33324,47687,0.5356,0.257
▁bird,鸟,13170,238621,0.2705,0.8555
▁birth,生,5951,235541,0.4004,0.1373
▁birthday,生日,10043,78658,0.5264,0.629
▁bishop,主教,50322,193853,0.2137,0.4695
▁bite,咬,26911,238965,0.1764,0.56
▁black,黑,2656,236402,0.7095,0.704
▁blanket,毯,29863,240810,0.1725,0.3306
▁blend,blend,24701,76238,0.0909,0.3418
▁blind,瞎,15994,241079,0.2156,0.5864
▁blog,博客,7808,132312,0.2231,0.537
▁blood,血,5330,236587,0.9297,0.8525
▁blow,吹,10872,237968,0.554,0.3499
▁blue,青,3868,236348,0.2588,0.459
▁board,板,4924,236337,0.0683,0.4292
▁body,体,2971,235784,0.2505,0.459
▁bone,骨,14354,237101,0.5044,0.734
▁book,书,2870,236410,0.551,0.6626
▁bookmark,书签,85150,206136,0.4832,0.6084
▁border,边,9994,236411,0.227,0.3274
▁boring,无聊,29514,166673,0.1318,0.595
▁borrow,借,21582,237735,0.8755,0.5635
▁boss,老板,13153,66296,0.1754,0.7314
▁bottle,瓶,12989,237965,0.3809,0.769
▁bottom,底,6837,236507,0.41,0.5303
▁boundary,界,16237,236074,0.2402,0.2039
▁bow,弓,7181,239648,0.3838,0.6997
▁bowl,碗,14581,238756,0.6797,0.7163
▁box,箱,3741,236904,0.297,0.7583
▁bracket,括,38799,237472,0.2383,0.0664
▁brain,脑,9494,237262,0.2054,0.623
▁branch,支,12832,236324,0.187,0.3733
▁brand,品牌,5529,32545,0.1066,0.7236
▁bread,面包,11843,151911,0.541,0.774
▁break,断,3376,236485,0.1471,0.2827
▁breakfast,早餐,14457,101521,0.43,0.7354
▁breath,呼吸,10690,59329,0.1348,0.2366
▁breeding,繁殖,30801,154159,0.3943,0.2996
▁brick,砖,21810,239866,0.6367,0.694
▁bridge,桥,12261,238699,0.487,0.9097
▁broadcast,广播,21701,133184,0.2942,0.2974
▁broken,破,10127,236754,0.368,0.2487
▁brother,弟,8462,237070,0.2815,0.578
▁brown,棕,8426,240740,0.182,0.2717
▁browser,浏览器,13178,101834,0.5107,0.537
▁brush,刷,16141,237421,0.3535,0.3452
▁bubble,泡,25469,237721,0.3518,0.114
▁budget,预算,8947,178729,0.6763,0.6636
▁buffer,缓冲,10691,176289,0.1504,0.6323
▁build,建,2500,236003,0.3882,0.3767
▁bullet,子弹,26353,178088,0.2954,0.4934
▁bumper,bumper,46845,209625,0.2886,0.4248
▁bunch,bunch,18842,168022,0.1142,0.4272
▁buried,埋,25475,238682,0.4036,0.319
▁burn,烧,8466,238147,0.4873,0.198
▁bus,巴士,1986,135807,0.305,0.6597
▁busy,忙,13572,237444,0.4983,0.7075
▁but,但,901,235910,0.212,0.5815
▁butler,管家,110233,176449,0.2106,0.307
▁butt,butt,38532,73048,0.2761,0.371
▁butterfly,蝴蝶,36123,92661,0.4443,0.838
▁button,按钮,6086,48484,0.1654,0.6025
▁buy,买,4631,237007,0.5835,0.6187
▁buzz,buzz,35476,66249,0.1658,0.3303
▁byte,字节,13459,123904,0.3967,0.3853
▁c,c,498,235260,0.0875,0.0855
▁cabinet,柜,22402,238818,0.02678,0.3418
▁cache,cache,15324,10330,0.07574,0.4863
▁cage,笼,32737,239931,0.1886,0.5547
▁cake,蛋糕,11514,98072,0.5054,0.7505
▁calcium,钙,28227,242106,0.283,0.786
▁calculate,算,13988,236253,0.5767,0.152
▁call,呼,2409,236889,0.2512,0.1516
▁camel,骆,49291,241994,0.2666,0.1094
▁camera,相机,7909,131264,0.3374,0.609
▁camp,营,5930,237102,0.326,0.5635
▁can,能,798,235587,0.1514,0.3298
▁cancel,取消,12459,61726,0.391,0.5146
▁cancer,癌,9198,239256,0.4924,0.8433
▁candidate,候,16152,236243,0.5996,0.1085
▁capacity,容量,7924,62675,0.2141,0.663
▁capital,京,6037,236292,0.1085,0.3972
▁car,车,1226,236178,0.2566,0.785
▁carbon,碳,8933,239728,0.6597,0.6997
▁card,卡,4076,236301,0.1449,0.153
▁careful,小心,15136,57531,0.3506,0.3352
▁cartoon,卡通,16279,48791,0.1566,0.7705
▁case,案,2270,236325,0.1687,0.694
▁casual,casual,14044,77058,0.1116,0.505
▁cat,猫,4401,236985,0.5273,0.8228
▁catch,捉,3365,239851,0.2139,0.476
▁cave,洞,23750,237922,0.7485,0.5483
▁cb,cb,21735,9359,0.0509,0.03467
▁cc,cc,18236,830,0.1139,0.1365
▁cd,cd,16498,3544,0.1919,0.2007
▁cement,水泥,29611,204677,0.5923,0.58
▁century,世纪,7861,75083,0.1685,0.824
▁ceramic,陶瓷,28616,208985,0.2002,0.3347
▁ceremony,礼,20313,237090,0.0695,0.0668
▁certainly,certainly,9518,174425,0.2222,0.2173
▁certificate,证,18099,236527,0.3467,0.4849
▁cg,cg,68731,26831,0.04147,0.04782
▁cgi,cgi,193000,59500,0.352,0.2588
▁chain,链,9488,237400,0.1595,0.6206
▁chair,椅子,9205,72326,0.261,0.755
▁chairman,主席,24249,87420,0.3162,0.3894
▁challenge,挑战,10247,59806,0.419,0.5376
▁champion,冠军,19390,103666,0.4639,0.5693
▁change,改,2669,236199,0.193,0.545
▁chapter,章,6476,236291,0.502,0.095
▁character,字,3285,235960,0.0751,0.3325
▁charity,慈善,24981,210445,0.2056,0.709
▁charm,魅力,24643,43215,0.1954,0.61
▁chase,追,36696,236656,0.5195,0.412
▁cheap,便宜,12131,73222,0.7827,0.6177
▁cheat,cheat,54681,160240,0.06726,0.457
▁check,查,2701,236293,0.17,0.2152
▁cherry,樱,32145,239711,0.304,0.7827
▁chess,棋,40559,239054,0.11816,0.681
▁chest,胸,15704,238051,0.622,0.765
▁chicken,鸡,12254,237619,0.706,0.773
▁chocolate,巧克力,13171,89165,0.8394,0.7036
▁chorus,合唱,54734,179304,0.3574,0.44
▁chronic,慢性,19424,175149,0.1226,0.7734
▁church,教堂,8068,145260,0.3955,0.8047
▁circle,圈,11698,237544,0.2429,0.735
▁circulation,流通,25141,167968,0.2141,0.3875
▁citizen,市民,24992,80467,0.3223,0.461
▁civilization,文明,37799,79088,0.7437,0.5464
▁class,班,1062,237112,0.3726,0.531
▁classic,经典,8889,56003,0.1869,0.4446
▁classical,古典,24035,128908,0.2036,0.3494
▁classroom,教室,20767,68278,0.7544,0.6074
▁clear,清,3110,236056,0.2485,0.2399
▁cliff,崖,45071,240538,0.11035,0.4963
▁climate,气候,11662,178868,0.271,0.6743
▁clinical,临床,13324,143724,0.2115,0.5713
▁clock,钟,12177,237511,0.4277,0.4658
▁cloth,布,17997,236217,0.431,0.4001
▁clothes,衣,12565,236524,0.369,0.3706
▁cloud,云,12238,236537,0.4612,0.6763
▁club,俱乐部,5893,148490,0.1931,0.5806
▁clue,线索,38325,206715,0.11755,0.5938
▁coal,煤,16131,240642,0.797,0.905
▁code,码,3409,236505,0.1118,0.07056
▁coffee,咖啡,8423,37025,0.778,0.6753
▁cold,冷,7033,236553,0.4202,0.6924
▁collapse,崩,28016,238800,0.1466,0.1812
▁colleague,同事,51011,109367,0.195,0.4553
▁colony,殖,34623,239224,0.3396,0.2554
▁color,色,2881,235751,0.493,0.5605
▁come,来,2063,235547,0.4375,0.5693
▁comfortable,舒适,10750,99591,0.2178,0.556
▁comic,漫画,20554,21287,0.1786,0.3914
▁command,命令,5017,40571,0.05862,0.594
▁comment,评论,4986,37894,0.2172,0.4236
▁commons,commons,87595,28011,0.1239,0.2245
▁communication,通信,9228,61821,0.1534,0.635
▁companion,伴,31565,237709,0.1958,0.1309
▁company,公司,3277,12270,0.2969,0.683
▁compatible,兼容,19883,142027,0.3425,0.3315
▁competition,比赛,11010,46506,0.2139,0.2805
▁compiler,编译,42994,91572,0.2903,0.306
▁complete,完,3407,235970,0.2927,0.1316
▁completely,完全,7322,19873,0.429,0.426
▁compliant,compliant,65306,149923,0.05103,0.1492
▁computer,电脑,6875,59720,0.359,0.6685
▁concept,概念,7819,49445,0.3274,0.699
▁conclusion,结论,13856,103176,0.0951,0.7095
▁condition,条件,4913,27184,0.05002,0.4937
▁conditioning,conditioning,34346,92737,0.08234,0.5044
▁confidence,自信,12087,66903,0.529,0.433
▁configuration,配置,12199,23827,0.539,0.257
▁confirm,确认,10508,64753,0.4067,0.3293
▁confused,迷惑,20232,137188,0.0547,0.1884
▁consciousness,意识,26124,51589,0.2715,0.45
▁conservative,保守,31319,170682,0.6753,0.4663
▁consider,考虑,2369,48577,0.3376,0.3
▁console,console,10647,3705,0.07684,0.3796
▁constant,恒,6221,238815,0.2053,0.0582
▁consult,咨询,8004,80472,0.237,0.2325
▁consultant,顾问,37410,199462,0.1204,0.4321
▁consume,消耗,35981,94268,0.171,0.2754
▁consumption,消费,14072,44584,0.4858,0.4778
▁contact,联系,3764,39116,0.528,0.5996
▁contemporary,当代,19273,194463,0.2257,0.3308
▁content,内容,3381,11795,0.4426,0.4846
▁continue,继续,5374,26004,0.413,0.5913
▁contract,合同,7613,77050,0.496,0.581
▁contribution,贡献,15707,113939,0.559,0.6055
▁control,控制,2582,24957,0.2308,0.681
▁controller,控制器,13935,129995,0.05954,0.573
▁convenient,便利,15186,46403,0.3508,0.6157
▁cool,凉,4989,238606,0.4104,0.4802
▁cooperation,合作,18398,36056,0.492,0.4958
▁copper,铜,17410,239508,0.2377,0.6597
▁copy,抄,5469,239493,0.1416,0.354
▁copyright,版权,21354,148767,0.3423,0.5034
▁coral,珊瑚,35293,182085,0.7603,0.7153
▁corner,角,10429,236344,0.3188,0.3198
▁corresponding,对应,12257,55388,0.1979,0.2905
▁cos,cos,4817,2980,0.1622,0.1484
▁cotton,棉,12278,239168,0.561,0.7935
▁counters,counters,53751,40617,0.2747,0.3738
▁country,国,3170,235663,0.3325,0.6675
▁county,县,10348,238072,0.2102,0.722
▁couple,夫妻,5591,85090,0.2068,0.481
▁coupon,券,43253,238135,0.3616,0.273
▁courage,勇,20065,237940,0.4756,0.361
▁cover,盖,3098,238099,0.176,0.2793
▁cow,牛,13910,236614,0.759,0.6865
▁cowboy,牛仔,61895,179654,0.2174,0.736
▁cpu,cpu,40467,20696,0.3032,0.2294
▁crazy,疯,14565,239024,0.2474,0.443
▁cream,奶油,9450,166965,0.2203,0.5835
▁create,创,3104,236443,0.207,0.2455
▁crime,罪,12476,237773,0.2438,0.3179
▁crisis,危机,12683,115085,0.2585,0.749
▁criticism,批评,23799,171353,0.2085,0.4297
▁cry,哭,5619,238352,0.2869,0.7114
▁crystal,水晶,16162,117975,0.333,0.744
▁cult,cult,31118,88579,0.10254,0.1362
▁culture,文化,6981,19484,0.4202,0.7573
▁cup,杯,7190,237388,0.7983,0.7935
▁curious,好奇,17978,80414,0.3032,0.7275
▁customer,顾客,6650,140292,0.3699,0.5264
▁cut,切,3652,236166,0.2411,0.5234
▁cute,可爱,9786,47200,0.2471,0.5093
▁dance,舞,11877,236993,0.713,0.86
▁danger,危险,8416,70899,0.2878,0.4185
▁dare,敢,21450,237476,0.5806,0.3433
▁dark,暗,4868,237167,0.3745,0.558
▁data,数据,1423,9785,0.2086,0.7197
▁database,数据库,8746,46555,0.2886,0.448
▁day,日,1744,235504,0.783,0.5044
▁dead,死,5455,236289,0.387,0.4695
▁dear,亲爱的,12766,194544,0.2319,0.4143
▁debate,辩,17591,240619,0.3384,0.1139
▁debt,欠,13040,238715,0.4043,0.2754
▁debug,调试,24391,163813,0.4954,0.4844
▁decide,决,11958,236793,0.273,0.1361
▁declaration,声明,23012,81755,0.3535,0.2433
▁deep,深,5271,236401,0.649,0.7876
▁deer,鹿,26932,238075,0.707,0.7344
▁default,默认,3097,43872,0.3423,0.4546
▁defeat,敗,22597,238291,0.08075,0.3252
▁defense,防,13066,236383,0.123,0.2708
▁definitely,definitely,8118,134580,0.2834,0.2795
▁definition,定义,10165,32867,0.2003,0.414
▁degree,度,7151,235790,0.1937,0.2593
▁delete,删,8958,237333,0.541,0.5454
▁delicious,美味,15855,23351,0.2062,0.469
▁delta,delta,19817,7974,0.07837,0.5225
▁demand,需求,5388,39931,0.2544,0.3235
▁demo,demo,11590,14970,0.0364,0.4146
▁democracy,民主,25886,78857,0.7095,0.73
▁density,密度,11168,125816,0.5166,0.7734
▁departure,出发,27354,111894,0.1934,0.2489
▁depends,取决于,12014,209149,0.0348,0.4434
▁deployment,部署,36577,99613,0.07275,0.313
▁derby,derby,89460,176528,0.06003,0.1543
▁derive,derive,42277,48832,0.1466,0.2769
▁description,描述,5966,35875,0.2208,0.3262
▁design,设计,2480,13586,0.3376,0.7197
▁designated,指定,23692,32052,0.318,0.2766
▁designer,设计师,16885,153774,0.2947,0.5493
▁desktop,桌面,23992,154444,0.2139,0.523
▁detailed,详细,11352,55438,0.3035,0.257
▁details,详情,4691,53726,0.2041,0.2974
▁detective,侦,55608,241161,0.3035,0.1943
▁development,发展,3505,22209,0.1716,0.4678
▁diabetes,糖尿病,19641,154853,0.666,0.706
▁diagnosis,诊断,19491,137970,0.2805,0.5024
▁diameter,直径,13779,135220,0.1895,0.7197
▁dice,骰,14651,244009,0.4614,0.5566
▁dick,dick,39428,65069,0.1151,0.284
▁dictionary,字典,25730,143259,0.4507,0.645
▁different,不同,2167,17376,0.4187,0.794
▁difficult,难,5988,236605,0.4092,0.3357
▁dig,挖,3441,239476,0.2401,0.2487
▁dinner,晚餐,12279,150122,0.227,0.7925
▁directly,直接,6673,15965,0.3354,0.4824
▁director,导演,8453,93433,0.4946,0.7812
▁directory,目录,15670,46685,0.2303,0.1826
▁dirty,脏,23048,239324,0.546,0.8086
▁disabled,残,20663,237064,0.3796,0.1066
▁disappear,消失,37343,57515,0.2876,0.4385
▁disappointed,失望,26182,107569,0.3438,0.5527
▁disaster,災,26509,238926,0.3115,0.6206
▁disco,disco,21405,72506,0.1832,0.3274
▁discount,折扣,15144,173626,0.2986,0.709
▁discovery,发现,19182,21948,0.502,0.2087
▁discussion,讨论,8827,69096,0.2546,0.4224
▁disease,病,7197,236483,0.8623,0.3037
▁disorder,乱,24283,237620,0.5083,0.2346
▁display,显示,4953,23680,0.4443,0.3264
▁district,区,9220,236149,0.2112,0.5205
▁divorce,离婚,29597,112275,0.329,0.6934
▁do,做,749,235928,0.5063,0.3735
▁doctor,医生,9353,54503,0.3179,0.7637
▁does,does,1721,24636,0.1368,0.2383
▁dog,狗,5929,237411,0.632,0.848
▁doll,娃娃,7474,102534,0.307,0.6646
▁dollar,美元,18289,55001,0.3308,0.4338
▁domain,域,11988,236742,0.10736,0.4543
▁donate,捐,30262,240271,0.4758,0.501
▁door,门,4444,236297,0.4854,0.3943
▁dose,剂,17050,238889,0.1647,0.513
▁doubt,疑,8192,237162,0.2322,0.2064
▁down,下,1706,235543,0.71,0.3816
▁download,下载,6767,29683,0.78,0.4792
▁drag,拖,15894,238821,0.1976,0.2095
▁dragon,龙,17219,236712,0.278,0.7676
▁drainage,排水,30130,174271,0.2703,0.3865
▁drama,剧,17046,237050,0.1691,0.3467
▁drawing,画,10478,235644,0.3923,0.1904
▁dream,梦,6523,237278,0.4763,0.86
▁dress,装,5410,236031,0.289,0.0634
▁drink,喝,7182,237471,0.4438,0.651
▁driver,司机,8569,131112,0.2377,0.748
▁drop,滴,7605,238651,0.5,0.4226
▁drum,鼓,22112,238283,0.445,0.738
▁drunk,醉,30214,239496,0.5454,0.7134
▁dry,干,6050,236618,0.5923,0.0836
▁ds,ds,21571,2342,0.04306,0.0551
▁duck,鸭,29828,239829,0.6133,0.843
▁dust,尘,12891,238625,0.2812,0.6646
▁dx,dx,22431,11471,0.1589,0.09125
▁dynamic,动态,12415,80376,0.3296,0.5864
▁e,e,526,235249,0.2532,0.1321
▁each,各,1853,236279,0.1628,0.3198
▁eagle,鹰,37888,240167,0.313,0.6123
▁ear,耳,2007,237182,0.5825,0.8784
▁early,早,4061,236350,0.802,0.5684
▁earn,赚,14800,239458,0.2122,0.597
▁earthquake,地震,41496,100751,0.3936,0.608
▁east,东,9110,236429,0.722,0.7783
▁easy,容易,3980,28377,0.1923,0.6777
▁eat,吃,7812,236280,0.583,0.6616
▁echo,echo,8163,4298,0.1124,0.6475
▁ecology,生态,55396,98985,0.4429,0.4368
▁economy,经济,9797,31767,0.525,0.5747
▁edit,编辑,9387,26210,0.2046,0.5005
▁education,教育,5404,21615,0.4155,0.732
▁ee,ee,35163,1537,0.05945,0.04108
▁ef,ef,6157,1029,0.0489,0.02808
▁effect,效果,4232,24518,0.4517,0.4907
▁effective,有效,7017,43213,0.2043,0.3955
▁efficiency,效率,12148,79046,0.255,0.835
▁efficient,高效,10878,148017,0.2323,0.4714
▁effort,努力,8395,35429,0.232,0.2041
▁eg,eg,7815,10232,0.04187,0.0917
▁egg,蛋,13514,236975,0.5137,0.79
▁eight,八,8469,236404,0.8003,0.917
▁election,选举,11621,213498,0.622,0.713
▁electricity,电,19080,236065,0.6504,0.2632
▁element,元素,5356,31746,0.236,0.5244
▁elephant,象,38816,236288,0.547,0.5195
▁eleven,十一,29754,66188,0.65,0.4229
▁eliminate,消除,26064,145904,0.08936,0.2183
▁elimination,淘汰,43762,188573,0.2153,0.2249
▁elite,精英,25264,169337,0.2893,0.4038
▁email,邮箱,4801,99721,0.2356,0.3997
▁embedded,嵌入,32982,226078,0.2223,0.403
▁emergency,紧急,13738,158116,0.2338,0.509
▁emperor,天皇,43271,115505,0.1497,0.331
▁empire,帝国,30047,73493,0.1542,0.4292
▁employee,员工,11946,59611,0.161,0.436
▁employment,就业,12245,144233,0.3682,0.3472
▁empty,空,8144,235977,0.694,0.2922
▁encourage,鼓励,12451,124071,0.296,0.394
▁encryption,加密,50083,79873,0.2454,0.2345
▁encyclopedia,百科,121850,110125,0.1731,0.5303
▁end,末,1580,237211,0.204,0.5845
▁enemy,敵,12785,237817,0.259,0.757
▁energy,能量,4134,66756,0.18,0.6626
▁engine,引擎,4800,103124,0.149,0.724
▁engineer,工程师,22895,178575,0.3083,0.7266
▁engineering,工程,13299,40554,0.3691,0.356
▁enjoy,享受,4313,60522,0.07697,0.4067
▁enough,够,3594,236906,0.2507,0.656
▁ensure,确保,7433,77483,0.1361,0.293
▁enter,进,3343,235962,0.2717,0.1901
▁enterprise,企业,22391,23975,0.1915,0.3076
▁entertainment,娱乐,19448,64094,0.373,0.6523
▁environment,环境,4473,29649,0.2866,0.6636
▁enzyme,酵素,33883,199461,0.6206,0.629
▁eos,eos,90343,96396,0.1525,0.1356
▁ep,ep,9381,810,0.114,0.0834
▁equality,平等,28670,144585,0.8047,0.538
▁error,错误,3333,31396,0.3242,0.509
▁escape,逃,13659,237854,0.3782,0.2874
▁establish,建立,8147,44504,0.273,0.2244
▁estimate,估,14461,238341,0.1864,0.2964
▁even,偶,1693,238227,0.0914,0.0948
▁evening,夕,9478,237957,0.2976,0.6846
▁everyone,大家,4784,15076,0.1769,0.3313
▁everything,一切,4553,36760,0.1398,0.515
▁everywhere,到处,17165,162857,0.0872,0.805
▁evil,邪,12984,238393,0.6597,0.566
▁evolution,进化,14764,153067,0.1893,0.4946
▁exam,考试,7106,70132,0.2166,0.4275
▁example,例,3287,236155,0.3823,0.7974
▁excel,excel,17349,40476,0.183,0.6904
▁except,除,7694,236232,0.2206,0.0746
▁exception,例外,7418,141547,0.1407,0.6963
▁exclude,排除,40104,133495,0.1522,0.3184
▁execute,执行,17991,28587,0.0986,0.3677
▁exhibition,展,21707,236134,0.374,0.1757
▁exist,存在,3120,17830,0.4805,0.2213
▁expenditure,支出,30112,180342,0.1664,0.1956
▁experience,经验,3281,52615,0.2947,0.696
▁experiment,实验,10844,57941,0.1937,0.561
▁expert,专家,13865,73885,0.0845,0.7036
▁explanation,解释,15844,49107,0.1438,0.422
▁explode,爆,40281,237146,0.3975,0.1561
▁exposure,曝光,12793,108968,0.1382,0.1908
▁expression,表情,6887,41041,0.042,0.2146
▁extend,延伸,15949,62834,0.10034,0.2583
▁extra,额外,3437,177656,0.0564,0.444
▁extreme,极,7274,236956,0.2693,0.4119
▁eye,眼,6312,236105,0.504,0.8022
▁f,f,517,235266,0.0546,0.1256
▁face,脸,3142,236744,0.3137,0.8584
▁facilities,设施,9674,87644,0.163,0.4893
▁factor,因子,7435,210304,0.11084,0.6064
▁fade,fade,30158,30129,0.1472,0.24
▁failure,失败,9633,31084,0.309,0.4932
▁fairy,仙,33268,237196,0.4219,0.10736
▁faith,信,8278,235851,0.3533,0.1631
▁fake,假,17599,237198,0.774,0.2986
▁familiar,熟悉,10709,67110,0.1625,0.5933
▁fantasy,幻想,24675,97916,0.2296,0.5103
▁far,远,2166,236897,0.632,0.711
▁fashion,时尚,8012,56462,0.2426,0.637
▁fast,快,4847,236171,0.7446,0.412
▁fat,胖,6181,238939,0.5967,0.812
▁father,父,5842,236701,0.267,0.785
▁fd,fd,33123,9543,0.0866,0.02388
▁featuring,featuring,24519,153394,0.0559,0.4692
▁federation,联邦,93273,178807,0.09296,0.3171
▁fee,费,10848,236699,0.251,0.2922
▁feedback,反馈,10457,117949,0.5303,0.5933
▁feeling,感,7965,235746,0.226,0.2527
▁fence,围,25757,237251,0.3076,0.1219
▁festival,节,12719,236376,0.1881,0.2544
▁field,田,2725,236063,0.594,0.7
▁fifteen,十五,28167,66811,0.842,0.5703
▁fifty,五十,21819,89420,0.583,0.7305
▁fight,打,5900,235949,0.1853,0.1381
▁file,文件,2482,14275,0.2299,0.523
▁filter,滤,7194,239183,0.3252,0.724
▁finally,终于,6247,42028,0.2095,0.625
▁financing,融资,28708,172094,0.3633,0.4688
▁find,找,1717,236494,0.153,0.436
▁finger,指,13864,236086,0.423,0.5176
▁fire,火,3967,236295,0.707,0.755
▁firefox,firefox,179777,123739,0.3115,0.3936
▁fish,鱼,5001,237098,0.53,0.9
▁fishing,釣,15190,238395,0.1183,0.3542
▁fist,拳,42220,238347,0.2087,0.571
▁fitness,健身,16572,89109,0.2067,0.4646
▁five,五,4105,236092,0.821,0.6396
▁fixed,固定,8115,48272,0.2822,0.5835
▁flash,闪,12995,238206,0.4175,0.3003
▁flat,平,6985,235927,0.503,0.1896
▁flexible,灵活,17547,139401,0.1987,0.6113
▁flip,翻,24740,237157,0.6187,0.1328
▁float,漂,6970,238254,0.2998,0.1239
▁flower,花,10377,235894,0.8647,0.8115
▁fly,飞,8960,236881,0.6914,0.5454
▁focus,焦点,6045,154175,0.1565,0.5117
▁fog,雾,17373,239271,0.409,0.658
▁fold,折,13528,237121,0.09106,0.1267
▁food,食,2960,235916,0.178,0.4785
▁foot,脚,4701,236786,0.7046,0.575
▁football,足球,9715,89934,0.6016,0.545
▁for,for,604,746,0.1048,0.3728
▁forest,林,9309,236234,0.2563,0.6587
▁forever,永远,14474,65442,0.268,0.707
▁forge,鍛,69872,241089,0.10254,0.3313
▁forget,忘,9535,237409,0.2742,0.6807
▁fork,叉,24943,239219,0.7383,0.1039
▁formal,正式,12134,50596,0.215,0.3562
▁format,格式,5920,41595,0.2844,0.5386
▁formula,公式,10513,35407,0.1888,0.5093
▁fortune,福,26785,236421,0.516,0.216
▁forum,论坛,16875,122941,0.2979,0.713
▁foul,foul,39475,222342,0.2039,0.522
▁four,四,2785,236037,0.901,0.9287
▁fox,狐,25341,239080,0.3381,0.817
▁fp,fp,31618,12528,0.085,0.02892
▁fragrance,香,45996,236275,0.571,0.2673
▁framework,框架,15087,90141,0.2515,0.3833
▁freedom,自由,11402,30249,0.7524,0.4988
▁frequency,頻,10474,239344,0.2467,0.3298
▁friend,朋友,4034,19162,0.2142,0.631
▁friendly,友好,9376,168693,0.1948,0.278
▁friendship,友情,25217,170525,0.3,0.657
▁from,从,774,236126,0.2793,0.4822
▁frost,霜,37250,239050,0.4722,0.588
▁frozen,冻,19783,239741,0.2976,0.2922
▁fruit,果,9471,235794,0.3237,0.575
▁fuck,fuck,7935,34024,0.0159,0.4124
▁function,函数,1411,31452,0.1819,0.666
▁functioning,functioning,32608,207040,0.0566,0.1823
▁fund,基金,3466,73108,0.1315,0.527
▁furnished,furnished,29050,154345,0.2954,0.3655
▁furniture,家具,16241,89072,0.446,0.6934
▁fusion,融合,26749,85034,0.3088,0.249
▁future,未来,3936,33153,0.2035,0.6455
▁fuzzy,模糊,54671,127258,0.444,0.1664
▁game,游戏,2398,14077,0.2502,0.6465
▁garbage,垃圾,33010,65842,0.4778,0.4492
▁garden,园,8717,237156,0.2091,0.6094
▁garlic,蒜,25470,240081,0.668,0.6157
▁gc,gc,57505,12869,0.1854,0.05444
▁gcc,gcc,122401,85015,0.7637,0.2423
▁geek,geek,95083,74167,0.10583,0.4011
▁gene,基因,8700,108515,0.1436,0.463
▁generate,生成,11941,40970,0.3628,0.2974
▁genesis,genesis,83011,34360,0.2542,0.0959
▁genius,天才,27979,97087,0.395,0.7705
▁gentleman,君子,28473,163559,0.178,0.4597
▁geography,地理,53206,63760,0.4229,0.5615
▁geometry,几何,24776,217087,0.5806,0.5327
▁ghost,鬼,24294,237100,0.783,0.7803
▁giant,巨人,17835,139699,0.2479,0.546
▁girlfriend,女友,29976,146240,0.07477,0.5654
▁glass,玻璃,5570,49952,0.378,0.738
▁gm,gm,40314,27832,0.06143,0.08923
▁go,去,871,235785,0.4854,0.5015
▁god,神,6255,235877,0.3638,0.5127
▁gold,金,4394,235854,0.638,0.6533
▁good,好,1426,235607,0.728,0.743
▁goods,货,9653,237461,0.2056,0.468
▁gospel,福音,41700,171669,0.3103,0.2578
▁governance,治理,35397,164864,0.09235,0.1619
▁government,政府,3838,28857,0.2524,0.721
▁gp,gp,49407,27164,0.0877,0.03925
▁gradually,渐,20914,238185,0.2423,0.2825
▁graduate,毕业,20223,64486,0.12067,0.3213
▁grandmother,奶奶,37869,100665,0.12476,0.2922
▁grass,草,10996,236726,0.677,0.75
▁grave,坟,17920,242703,0.1309,0.4001
▁gray,灰,13676,238013,0.4421,0.2032
▁green,绿,4433,237631,0.3472,0.8623
▁groove,groove,59628,215360,0.097,0.5386
▁group,群,2778,236783,0.1602,0.4448
▁gsm,gsm,164054,102653,0.1138,0.16
▁gt,gt,26040,4223,0.0493,0.07166
▁guarantee,保证,16919,56567,0.2874,0.6113
▁guard,守,10981,236976,0.306,0.3857
▁guess,猜,7464,238848,0.5044,0.676
▁guest,客,15443,236224,0.3923,0.307
▁guide,导,5608,236597,0.5044,0.4456
▁guild,guild,46231,51193,0.2156,0.614
▁guitar,吉他,14673,219464,0.4766,0.7417
▁gun,枪,8977,238318,0.1877,0.7534
▁gzip,gzip,139985,119380,0.622,0.3074
▁habit,习惯,7951,67186,0.278,0.475
▁half,半,3933,236394,0.697,0.8223
▁hall,堂,11240,236815,0.1215,0.4817
▁hammer,錘,28507,245352,0.1392,0.7686
▁hand,手,1634,235616,0.4585,0.695
▁handy,handy,32242,167111,0.1142,0.264
▁happen,发生,7895,28976,0.4336,0.272
▁happiness,幸福,18821,43658,0.266,0.4575
▁happy,快乐,4915,49488,0.1388,0.6123
▁hardware,硬件,16417,117407,0.1271,0.641
▁harm,害,14649,236752,0.3313,0.1683
▁hat,帽子,3954,108456,0.3525,0.7627
▁have,有,791,235461,0.593,0.4338
▁hb,hb,85651,49473,0.03992,0.0223
▁he,他,693,235555,0.4597,0.545
▁head,头,2206,235917,0.3528,0.569
▁headquarters,本部,31648,176945,0.1431,0.2225
▁health,健康,2962,24049,0.3625,0.478
▁hear,闻,4675,237517,0.2382,0.2052
▁heart,心,3760,235675,0.914,0.7964
▁heavy,重,8090,235846,0.622,0.403
▁hell,地獄,11944,142518,0.3008,0.5625
▁hello,你好,25612,87139,0.583,0.3403
▁help,助,1707,236514,0.2291,0.4788
▁here,这里,1517,17718,0.0885,0.797
▁hero,英雄,8888,44154,0.36,0.662
▁hey,嘿,29960,239490,0.06094,0.5635
▁hidden,隱,5915,240004,0.22,0.2208
▁high,高,1536,235673,0.52,0.5986
▁highest,最高,9393,28314,0.587,0.589
▁hip,臀,16355,241528,0.4846,0.1692
▁hire,雇,22378,240132,0.2769,0.3467
▁history,历史,4281,31326,0.294,0.706
▁hobby,爱好,37123,143777,0.3713,0.442
▁hold,握,3385,237893,0.2213,0.3396
▁holiday,假日,12083,205101,0.2727,0.6685
▁holy,圣,19219,237294,0.66,0.402
▁home,家,2078,235618,0.4878,0.331
▁homeless,流浪,43186,187723,0.1433,0.1757
▁homework,作业,30965,97241,0.3386,0.6226
▁honey,蜜,17195,238171,0.4453,0.698
▁hook,钩,16616,241065,0.4998,0.6895
▁hope,希望,4077,19878,0.543,0.756
▁hopefully,hopefully,27582,128231,0.2073,0.454
▁horizontal,横,16686,237133,0.3667,0.1294
▁horror,恐怖,24014,57215,0.4263,0.1908
▁horse,马,10468,236502,0.5083,0.812
▁hospital,医院,7454,38194,0.4778,0.719
▁hot,热,5342,236778,0.523,0.4626
▁hotel,酒店,6208,36431,0.08563,0.596
▁how,how,1368,1139,0.194,0.596
▁hp,hp,20055,17513,0.1422,0.191
▁html,html,11060,2527,0.3384,0.2261
▁hub,hub,13610,22326,0.09143,0.3484
▁humidity,湿度,36351,196896,0.31,0.763
▁hundred,百,7541,236384,0.564,0.716
▁hunger,飢,38326,243328,0.4119,0.2913
▁hungry,饿,28126,240488,0.2834,0.565
▁hunt,狩,12407,240201,0.4927,0.3716
▁husband,夫,8616,236467,0.4038,0.663
▁hydrogen,氢,20303,242213,0.5845,0.784
▁ice,冰,8357,237159,0.567,0.7114
▁icon,icon,6480,5805,0.10406,0.5635
▁id,id,807,539,0.11346,0.2935
▁ide,ide,2302,914,0.07874,0.04956
▁ideal,理想,8884,58522,0.645,0.637
▁identity,身份,12852,45793,0.3613,0.5913
▁idle,闲,33855,238763,0.459,0.2874
▁idol,偶像,52168,122139,0.4167,0.6924
▁if,如果,1013,9833,0.2292,0.6074
▁illegal,非法,19885,171556,0.2294,0.644
▁imagine,想像,13720,70611,0.167,0.2935
▁immigrant,移民,69974,104415,0.4292,0.177
▁implement,实施,7133,94205,0.05545,0.4583
▁important,重要,2845,17479,0.6646,0.785
▁impossible,不可能,11623,64049,0.472,0.575
▁impression,印象,17348,37686,0.64,0.6665
▁in,在,575,235473,0.3303,0.2886
▁inch,寸,11444,237974,0.4915,0.241
▁including,包括,3359,28047,0.268,0.5107
▁income,收入,8316,61748,0.4517,0.736
▁increase,增,4740,236695,0.36,0.425
▁independent,独立,9560,52269,0.312,0.3542
▁indication,指示,29068,93913,0.1254,0.1425
▁infection,感染,15618,51105,0.3525,0.4414
▁influence,影响,8590,26893,0.3237,0.3809
▁information,信息,2113,12620,0.3074,0.6895
▁injection,注射,24687,162339,0.3572,0.4595
▁ink,墨,17663,237748,0.6494,0.558
▁input,输入,3772,29672,0.5273,0.2554
▁insert,插入,14455,87325,0.1409,0.645
▁inside,内,5580,235780,0.274,0.4248
▁install,安装,4877,28742,0.2756,0.4136
▁instant,瞬,15050,237777,0.0728,0.1586
▁instrument,器,11755,235986,0.07666,0.2079
▁insurance,保险,9490,84302,0.3247,0.679
▁integer,整数,16594,168181,0.405,0.6416
▁intelligent,智能,25309,40533,0.1114,0.3977
▁interaction,互动,14584,108893,0.1598,0.2612
▁interest,兴趣,3273,62505,0.35,0.675
▁interested,感兴趣,8202,131359,0.2869,0.609
▁interesting,有趣,7103,73991,0.3652,0.6294
▁interface,界面,7222,57881,0.266,0.5913
▁interference,干扰,31430,193423,0.2424,0.3708
▁international,国际,6191,40019,0.5127,0.565
▁internship,实习,78423,175908,0.5757,0.4438
▁introduction,介绍,15683,25661,0.1967,0.496
▁invasion,入侵,31108,176348,0.2903,0.3948
▁investigation,调查,11991,65631,0.4353,0.3936
▁investment,投资,9245,38869,0.4922,0.616
▁invite,招,25220,237219,0.3337,0.1294
▁io,io,9369,536,0.02744,0.06073
▁iron,铁,8456,237579,0.6313,0.747
▁is,是,603,235427,0.3237,0.4846
▁it,它,665,236380,0.12445,0.8013
▁item,物品,2599,82584,0.1362,0.2074
▁jade,玉,57884,236682,0.763,0.5674
▁jar,jar,16357,7309,0.3674,0.5854
▁java,java,1821,5557,0.49,0.2827
▁join,加入,8407,35987,0.1268,0.458
▁joy,喜,10300,236349,0.328,0.3513
▁jpg,jpg,3091,6001,0.5244,0.2216
▁judge,判,11490,236863,0.31,0.5957
▁juice,果汁,17796,219187,0.1595,0.5444
▁jump,跳,9902,237345,0.6416,0.531
▁just,刚刚,1317,53509,0.08795,0.587
▁karma,karma,46571,88282,0.3064,0.3362
▁keen,keen,26815,61702,0.1941,0.1729
▁keyboard,键盘,20434,118154,0.434,0.549
▁keyword,关键词,36407,112412,0.1829,0.1692
▁kick,踢,12656,240148,0.766,0.633
▁kidney,腎,34132,241833,0.4604,0.8364
▁kill,杀,9451,237074,0.3123,0.6343
▁king,王,7201,236025,0.2083,0.522
▁kiss,吻,16772,239952,0.398,0.898
▁kitchen,厨房,8926,69352,0.2454,0.742
▁knee,膝,22644,239706,0.742,0.7275
▁knife,刀,19193,237299,0.7163,0.469
▁knight,骑士,36030,105417,0.375,0.6597
▁knock,敲,26021,239731,0.4333,0.3716
▁know,知,1230,235812,0.1815,0.2477
▁labor,劳,6379,238466,0.2296,0.261
▁laboratory,实验室,17355,148525,0.1595,0.438
▁labour,勞,16055,240011,0.2722,0.2252
▁lack,缺,8863,237583,0.1841,0.2144
▁ladder,梯,38088,238685,0.2365,0.11743
▁lake,湖,13492,237206,0.341,0.857
▁lambda,lambda,36685,7075,0.11255,0.3408
▁lamp,灯,11861,237378,0.702,0.395
▁language,语言,5255,48982,0.1234,0.7817
▁laser,激光,16503,163486,0.4097,0.64
▁latest,最新,7776,36148,0.327,0.4626
▁latitude,纬,37109,242135,0.399,0.2418
▁laugh,笑,10084,236040,0.719,0.4504
▁law,法,2912,235661,0.3315,0.7334
▁lawyer,律师,21255,114323,0.528,0.737
▁layer,层,8651,237040,0.394,0.6436
▁layout,布局,14202,83281,0.0997,0.691
▁lazy,懒,27894,239876,0.6196,0.757
▁lc,lc,70472,19977,0.0682,0.02881
▁lead,铅,2389,241430,0.2262,0.772
▁leader,领,9746,236933,0.2278,0.1617
▁leads,leads,11845,120092,0.1161,0.2544
▁leaf,叶,12325,236787,0.297,0.586
▁left,左,2731,236629,0.614,0.864
▁legend,传说,14819,112449,0.4287,0.62
▁lemon,柠檬,20799,146995,0.3489,0.5015
▁let,让,2142,236172,0.11084,0.2734
▁lie,躺,5674,239552,0.0501,0.4148
▁life,人生,1913,35031,0.1186,0.691
▁lifetime,一生,23723,72898,0.168,0.2754
▁like,喜欢,1154,19891,0.2423,0.565
▁limit,限,4089,236262,0.2705,0.6704
▁limited,有限,6929,50436,0.4639,0.7744
▁line,线,2017,236315,0.1371,0.713
▁lined,lined,33051,16206,0.1224,0.429
▁lion,獅,25631,240555,0.2612,0.829
▁list,列表,1889,25173,0.1719,0.5815
▁listen,听,10724,236520,0.5605,0.571
▁literally,literally,15060,108152,0.0843,0.2556
▁live,住,3685,236228,0.2139,0.4685
▁liver,肝,19967,239010,0.875,0.795
▁ll,ll,10547,529,0.11694,0.1039
▁load,载,4412,236640,0.1505,0.2039
▁location,位置,5201,20562,0.1493,0.3186
▁lock,锁,10240,238117,0.2219,0.6787
▁logic,逻辑,14855,72641,0.2397,0.706
▁login,登录,12138,35185,0.5186,0.2942
▁logistics,物流,42322,110832,0.3484,0.548
▁long,长,1497,236045,0.4475,0.609
▁look,看,1612,235670,0.4534,0.361
▁lost,失,5501,236371,0.2905,0.27
▁lounge,lounge,29920,160470,0.1175,0.1886
▁love,爱,2182,236307,0.3572,0.8247
▁low,低,3178,236503,0.6255,0.718
▁lowest,最低,18558,77002,0.2483,0.5547
▁lp,lp,36447,20603,0.1293,0.04135
▁lung,肺,15382,239427,0.5186,0.64
▁machine,机,6479,235911,0.3354,0.3838
▁magazine,杂志,15645,122697,0.0815,0.708
▁magic,魔法,11908,46948,0.3047,0.778
▁magnetic,磁,16472,238733,0.783,0.1732
▁mainstream,主流,44679,141948,0.58,0.677
▁maintain,维持,10528,131004,0.0965,0.3843
▁majority,多数,10898,51232,0.3713,0.4463
▁makeup,妆,21598,239153,0.3179,0.4456
▁man,男,916,236070,0.263,0.7207
▁management,管理,4815,14011,0.4326,0.3838
▁manager,经理,8866,83818,0.3276,0.71
▁many,多,1767,235626,0.6177,0.4407
▁map,地图,4403,79551,0.4636,0.6484
▁maple,楓,44367,241419,0.1377,0.4792
▁marketing,营销,8924,85038,0.1134,0.6475
▁marriage,婚,12501,236694,0.3943,0.5938
▁marry,嫁,29704,238732,0.2578,0.303
▁martial,武,48051,236542,0.8174,0.10516
▁massage,按摩,27839,140826,0.375,0.6895
▁material,材料,2893,27263,0.1501,0.4333
▁mathematics,数学,26814,69784,0.3118,0.3506
▁matrix,矩阵,9077,138706,0.4194,0.605
▁matter,事,4391,235614,0.693,0.1392
▁mature,成熟,23725,85291,0.3015,0.646
▁maximum,最大,7725,31551,0.654,0.3157
▁maybe,也许,7669,75729,0.1383,0.505
▁mc,mc,31122,14854,0.06976,0.0908
▁mean,mean,2714,11312,0.0332,0.2805
▁means,means,3454,44544,0.07587,0.1935
▁meat,肉,11827,236365,0.936,0.7783
▁media,媒体,4562,47302,0.2954,0.621
▁medicine,药,15300,237256,0.402,0.4963
▁member,成员,4757,65150,0.1829,0.4802
▁memorial,纪念,27233,104304,0.2101,0.2205
▁memory,记忆,6884,74658,0.443,0.608
▁mentioned,mentioned,8248,37919,0.0795,0.3218
▁menu,菜单,6901,70542,0.532,0.6562
▁merchant,商,36818,236022,0.2362,0.1295
▁mg,mg,11606,6333,0.2656,0.1359
▁middle,中,7185,235493,0.726,0.358
▁milk,牛奶,9512,119091,0.612,0.838
▁million,百万,4416,117279,0.2411,0.697
▁mine,矿,7889,239467,0.1578,0.8076
▁mini,迷你,7311,162626,0.5156,0.702
▁minimum,最小,8773,100539,0.42,0.321
▁minister,大臣,14364,103344,0.0763,0.3953
▁minority,少数,29769,141119,0.3594,0.543
▁minus,减,21083,237776,0.354,0.1827
▁miracle,奇迹,40241,194109,0.53,0.7227
▁mirror,镜,15978,237948,0.562,0.823
▁miscellaneous,杂,86699,238031,0.7134,0.2915
▁mixed,混,10616,237243,0.2085,0.2078
▁mixer,mixer,45626,93386,0.1924,0.4558
▁mj,mj,96165,39454,0.1744,0.08575
▁mod,mod,1958,2335,0.1367,0.082
▁mode,模式,4058,28694,0.2228,0.5054
▁model,模,2091,236207,0.1943,0.4236
▁modern,现代,5354,46281,0.4822,0.6777
▁module,模块,10098,64660,0.1948,0.6426
▁money,钱,3370,236911,0.6216,0.6514
▁monkey,猴,35918,239736,0.3813,0.852
▁month,月,2514,235612,0.7593,0.6543
▁mood,心情,18068,71525,0.0658,0.549
▁moss,苔,48834,240374,0.3384,0.656
▁mother,母,5290,236519,0.1968,0.779
▁motorcycle,摩托,33743,136712,0.5137,0.519
▁mountain,山,8180,235822,0.316,0.8037
▁mouth,口,9615,235876,0.6826,0.73
▁movie,电影,7344,36166,0.399,0.4382
▁mud,泥,12707,238542,0.5605,0.667
▁muscle,肌肉,15990,102913,0.2886,0.5347
▁museum,博物馆,18862,108068,0.3079,0.619
▁music,音乐,4296,46192,0.497,0.7456
▁must,必须,2004,29992,0.302,0.5713
▁mutual,互,24185,237085,0.1417,0.2136
▁mx,mx,28322,17106,0.05484,0.02962
▁mysterious,神秘,34118,87543,0.5493,0.6143
▁mystery,谜,25418,241446,0.1947,0.3088
▁n,n,552,235254,0.118,0.09015
▁nail,釘,23393,241988,0.3208,0.7764
▁naked,裸,31998,239857,0.524,0.6523
▁namespace,namespace,9327,4322,0.3174,0.4438
▁narrow,窄,13004,241279,0.3928,0.8906
▁nature,自然,4460,17689,0.347,0.4011
▁near,近,3018,236113,0.3035,0.6587
▁necessary,必要,4647,17986,0.2085,0.665
▁neck,颈,8935,240383,0.172,0.849
▁need,需要,1476,11213,0.3044,0.5854
▁needle,针,28767,238050,0.509,0.7393
▁negative,负,8322,237656,0.3364,0.3972
▁nervous,紧张,21677,87366,0.1794,0.3672
▁nest,巢,22950,240647,0.3186,0.738
▁network,网,6011,236120,0.2489,0.2747
▁new,新,888,235630,0.827,0.2106
▁newspaper,报,20650,236328,0.1638,0.3616
▁ng,ng,2739,512,0.04022,0.10486
▁nickel,镍,43183,244995,0.4124,0.8647
▁night,夜,3354,236452,0.8306,0.878
▁nine,九,9981,236496,0.832,0.915
▁nitrogen,氮,23584,242890,0.741,0.7666
▁no,无,793,235957,0.2358,0.25
▁node,节点,5705,46788,0.322,0.6357
▁noise,吵,11277,240032,0.0952,0.4436
▁normal,正常,4500,34691,0.2927,0.706
▁north,北,7923,236123,0.8145,0.8135
▁northeast,东北,40679,131535,0.632,0.379
▁northwest,西北,51251,162434,0.2983,0.4832
▁nose,鼻,16482,238221,0.5156,0.858
▁notice,通知,7554,48437,0.195,0.468
▁now,现在,1490,12439,0.3228,0.77
▁number,数,1758,235712,0.1643,0.4688
▁nutrition,营养,24539,80575,0.274,0.6616
▁nylon,nylon,37761,208055,0.3108,0.606
▁o,o,493,235253,0.09436,0.1232
▁obligation,义务,28080,201958,0.1449,0.2673
▁observation,观察,17789,68260,0.1669,0.3943
▁obviously,显然,15413,75565,0.2386,0.4705
▁occasionally,偶尔,24654,162229,0.1697,0.304
▁of,的,576,235370,0.0922,0.508
▁office,办公室,4844,75801,0.0633,0.6777
▁official,官,5613,236538,0.2396,0.2646
▁offset,偏移,10253,214457,0.2255,0.5415
▁oh,哦,8370,237931,0.2494,0.492
▁oil,油,4684,236541,0.772,0.8477
▁old,老,2187,235968,0.564,0.8413
▁olive,橄,21361,241906,0.83,0.1833
▁omega,omega,49098,10148,0.1687,0.3284
▁once,一次,3631,24600,0.084,0.3516
▁one,一,974,235411,0.7095,0.7935
▁onion,葱,28638,240083,0.468,0.432
▁online,在线,3650,65104,0.516,0.5645
▁only,唯,1297,237532,0.1648,0.5073
▁ooo,ooo,180308,24302,0.1904,0.1162
▁open,开,2174,235809,0.4958,0.6436
▁operation,操作,6791,18490,0.08386,0.471
▁operational,operational,23765,170141,0.03888,0.1599
▁opinion,意见,7837,83267,0.275,0.5337
▁opportunity,机会,7251,40577,0.306,0.4304
▁optimization,优化,29420,67582,0.3137,0.3154
▁optional,可选,18661,174883,0.2139,0.4944
▁options,选项,4561,67071,0.3352,0.2935
▁or,或,689,236132,0.3867,0.757
▁orange,橙,10436,239850,0.3813,0.7817
▁ordinary,普通,14814,24164,0.3237,0.2247
▁organ,organ,2359,7879,0.03574,0.4717
▁organic,有机,12756,189806,0.253,0.772
▁organization,组织,8344,38675,0.1923,0.6494
▁original,原,3464,235875,0.4001,0.3374
▁other,其他,1156,16212,0.317,0.6167
▁otherwise,否则,8481,74502,0.1121,0.6094
▁ought,ought,17326,2438,0.692,0.27
▁out,出,921,235531,0.3374,0.3628
▁outline,outline,24430,38058,0.0639,0.3088
▁outside,外,5162,235754,0.5576,0.3918
▁overseas,海外,31385,48344,0.4172,0.366
▁oxygen,氧,16175,239352,0.789,0.7695
▁package,包,9262,236071,0.4746,0.2029
▁packaging,包装,19102,72996,0.386,0.2345
▁pads,pads,35236,112653,0.079,0.3127
▁page,页,2602,236521,0.585,0.806
▁pain,痛,4380,237012,0.5376,0.4932
▁pal,pal,4140,9339,0.05524,0.0329
▁palace,宫,27627,237644,0.3618,0.6196
▁pants,裤,16908,239032,0.313,0.5425
▁paper,纸,4368,236984,0.567,0.8286
▁parallel,平行,14255,204363,0.1772,0.635
▁parameter,参数,11019,24758,0.618,0.281
▁parents,父母,6424,43655,0.4167,0.696
▁park,公园,7441,90629,0.3005,0.777
▁parking,停车,12175,124736,0.3008,0.4324
▁participate,参加,17173,24247,0.4807,0.3176
▁party,党,4591,237554,0.277,0.7095
▁pass,过,2307,235752,0.1151,0.2563
▁passive,被动,30987,215289,0.3406,0.605
▁password,密码,8003,41603,0.5615,0.7036
▁past,过去,3433,29875,0.3413,0.5146
▁patent,专利,28607,182183,0.05463,0.672
▁patio,patio,31788,177828,0.1772,0.4521
▁patrol,巡,35145,238758,0.6865,0.2065
▁pavilion,亭,87391,238806,0.2297,0.2432
▁pay,付,2523,236076,0.2461,0.1973
▁paypal,paypal,119332,110651,0.1335,0.273
▁pd,pd,15395,17784,0.0705,0.044
▁peak,峰,14538,237667,0.2484,0.505
▁pearl,珍珠,36318,121005,0.2249,0.685
▁pee,pee,81543,30032,0.3574,0.3162
▁pen,笔,3008,237264,0.7812,0.5938
▁pension,pensione,24863,215629,0.0643,0.524
▁pepper,胡椒,17682,199102,0.636,0.543
▁percent,％,5243,238334,0.1992,0.463
▁perfect,完美,4434,56640,0.3308,0.7524
▁performance,表演,4665,78933,0.139,0.4546
▁period,期,4037,235887,0.11224,0.2776
▁perl,perl,146931,101858,0.4136,0.2385
▁permanent,永久,14151,133593,0.439,0.3274
▁person,人,1552,235444,0.6646,0.3599
▁personal,个人,3749,20098,0.1687,0.3357
▁pet,宠物,7327,102130,0.1267,0.646
▁phenomenon,现象,27171,88007,0.1198,0.7324
▁phi,phi,21714,3768,0.096,0.1049
▁philosophy,哲学,19754,114969,0.1592,0.8145
▁phoenix,鳳,82068,239734,0.3518,0.3435
▁photo,照片,2686,17951,0.485,0.358
▁photography,摄影,14203,48712,0.2352,0.5474
▁php,php,50851,1556,0.5854,0.2874
▁physics,物理,23099,66101,0.437,0.612
▁physiology,生理,68916,129031,0.3252,0.1199
▁piano,钢琴,16748,186787,0.2233,0.6455
▁pick,摘,4788,238400,0.1195,0.3135
▁pig,猪,12806,238260,0.5522,0.8203
▁pile,堆,25973,238687,0.0656,0.3171
▁pillow,枕,29905,239578,0.814,0.47
▁pine,松,23780,236546,0.6245,0.58
▁pit,坑,12144,239216,0.2847,0.4138
▁pixel,像素,24550,152236,0.365,0.5806
▁plan,计划,1780,35745,0.2834,0.7666
▁plane,飞机,10599,76088,0.471,0.315
▁planning,规划,7945,75725,0.2678,0.3374
▁plastic,塑,9975,238473,0.3398,0.4922
▁play,玩,1554,236487,0.38,0.63
▁player,玩家,5398,34673,0.1804,0.5034
▁plc,plc,108590,168696,0.2012,0.1798
▁please,请,3743,236343,0.4915,0.717
▁plugin,插件,17034,106473,0.48,0.4858
▁pod,pod,3478,12286,0.0738,0.1865
▁poetry,诗,21181,238143,0.649,0.3213
▁point,点,2377,235733,0.543,0.4001
▁pole,杆,19377,239583,0.0756,0.3582
▁police,警察,5877,51696,0.4497,0.5776
▁policy,政策,5075,45020,0.5947,0.713
▁politics,政治,16127,36185,0.4138,0.6533
▁pollution,污染,21675,117301,0.3171,0.66
▁polo,polo,19636,30600,0.0575,0.2006
▁pool,池,8719,237084,0.5225,0.3801
▁poor,穷,6528,239903,0.2264,0.818
▁pop,pop,2463,5210,0.167,0.1882
▁popular,流行,5876,63049,0.3564,0.5312
▁population,人口,6280,52919,0.3867,0.5674
▁porcelain,瓷,56746,239403,0.5103,0.3218
▁port,港,3530,236832,0.5776,0.5312
▁portrait,肖像,17772,157667,0.1918,0.5786
▁post,邮,2053,238332,0.1376,0.4956
▁poster,海报,7316,194015,0.1247,0.7075
▁pot,锅,2688,238533,0.0732,0.5815
▁potato,土豆,28251,189680,0.1768,0.663
▁potential,潜在,5736,155487,0.2783,0.6514
▁powder,粉,13196,236792,0.1852,0.2998
▁power,力,2384,235760,0.1316,0.2178
▁pp,pp,4649,658,0.2126,0.07086
▁pray,祈,8153,239240,0.1697,0.1865
▁pregnant,孕,22594,238563,0.1252,0.3513
▁preliminary,初步,26012,196867,0.3318,0.632
▁prepare,准备,12523,28139,0.2993,0.2345
▁president,总统,9456,116820,0.3635,0.4988
▁preview,预览,15402,195891,0.507,0.5176
▁price,价,3712,236558,0.4028,0.8203
▁prince,王子,24442,77901,0.649,0.5283
▁princess,公主,28610,66535,0.5625,0.823
▁principle,原则,12854,90710,0.0527,0.5547
▁priority,优先,15852,111476,0.5176,0.503
▁private,私,4765,236225,0.4866,0.3809
▁probability,概率,14603,150211,0.4307,0.645
▁problem,问题,3210,13240,0.3594,0.4219
▁processing,加工,10310,56327,0.299,0.4949
▁processor,处理器,29028,175980,0.08887,0.6724
▁produce,产,7872,236238,0.2332,0.0818
▁product,产品,3225,19210,0.299,0.5015
▁production,生产,4584,38229,0.1959,0.5493
▁profession,职业,4491,55009,0.1606,0.2241
▁professional,专业,6790,34380,0.185,0.2878
▁professor,教授,19697,50417,0.4421,0.6006
▁program,程序,2733,29799,0.07666,0.555
▁programming,编程,19991,136073,0.3503,0.4905
▁progress,进步,7695,124017,0.1759,0.59
▁project,项目,3542,24291,0.2291,0.535
▁projection,投影,29241,175291,0.222,0.5386
▁prominent,突出,23477,134585,0.1937,0.0556
▁proposal,提案,17017,93907,0.2113,0.6606
▁protect,保,9051,235934,0.1514,0.1076
▁protein,蛋白,9646,89288,0.356,0.8687
▁prototype,原型,37238,172728,0.5156,0.4497
▁proven,proven,16706,112552,0.0958,0.285
▁provide,提供,3658,14738,0.1696,0.4282
▁province,省,18773,236929,0.1908,0.76
▁psi,psi,34724,11979,0.5503,0.1796
▁psychology,心理,33154,50351,0.4568,0.4001
▁public,公,2294,235770,0.3596,0.2368
▁publicity,宣传,53694,53496,0.2357,0.3984
▁publisher,出版社,30572,82419,0.3005,0.2396
▁publishing,出版,33529,35687,0.1936,0.322
▁punk,punk,36677,30585,0.1443,0.395
▁pure,纯,8336,238191,0.6313,0.654
▁purple,紫,15811,237448,0.6724,0.4507
▁purpose,目的,6187,30773,0.1242,0.3286
▁push,推,8607,236317,0.3794,0.4045
▁python,python,17706,7774,0.5396,0.4126
▁qc,qc,171838,58771,0.0625,0.0374
▁qualification,资格,47496,109037,0.0954,0.6133
▁qualified,合格,19767,87151,0.4526,0.2668
▁quantum,量子,26589,218254,0.3296,0.579
▁queen,女王,19295,112735,0.209,0.62
▁question,问,2872,236081,0.5967,0.5547
▁quiet,静,11067,236923,0.439,0.4468
▁rabbit,兔,30358,238723,0.623,0.7603
▁radiation,放射,19144,178323,0.293,0.4365
▁rain,雨,8980,236828,0.8154,0.878
▁rainbow,彩虹,30088,170684,0.461,0.579
▁raise,养,12310,237104,0.04453,0.1172
▁rally,rally,29964,154312,0.07074,0.3494
▁random,随机,6253,81775,0.3142,0.5967
▁rap,rap,13483,5070,0.03256,0.411
▁rare,稀,8834,239396,0.33,0.235
▁rat,鼠,5574,238482,0.615,0.4932
▁rate,率,3974,236603,0.05945,0.2303
▁rc,rc,22363,2751,0.252,0.03748
▁reaction,反应,9541,50768,0.1927,0.546
▁read,读,1682,236642,0.5264,0.632
▁reader,读者,11554,113548,0.2073,0.5933
▁reality,现实,10546,65850,0.3955,0.516
▁reason,理由,3519,29732,0.2742,0.7183
▁reasonable,合理,12232,70525,0.4822,0.651
▁receive,收,6427,236285,0.284,0.1893
▁recommend,推荐,5656,28569,0.7373,0.439
▁reconstruction,重建,37591,195925,0.381,0.2094
▁record,记,3661,236364,0.2102,0.3176
▁red,红,3118,236479,0.319,0.8125
▁redeem,赎,59790,242502,0.1542,0.1902
▁reef,reef,39640,74828,0.11224,0.565
▁reference,参考,6203,14568,0.2793,0.5903
▁reform,改革,17032,76375,0.5107,0.7856
▁refrigerator,冰箱,46154,150760,0.2507,0.4192
▁refund,退款,19745,186612,0.2896,0.621
▁register,登记,7339,149373,0.2206,0.3208
▁relationship,关系,6843,26769,0.4365,0.2866
▁reliable,可靠,16455,125128,0.1844,0.623
▁religion,宗教,13068,82012,0.1312,0.7524
▁remark,remark,12458,36266,0.1506,0.3809
▁remember,记住,5434,116933,0.14,0.6978
▁reminder,提醒,31285,61068,0.1099,0.2722
▁render,渲染,7426,102306,0.0781,0.4836
▁rent,租,7356,238491,0.695,0.7173
▁repair,修,12158,236169,0.649,0.2273
▁repeat,重复,17399,79825,0.0597,0.3586
▁report,报告,3484,48373,0.1616,0.7485
▁reporter,记者,31493,40926,0.4192,0.725
▁representative,代表,17101,22350,0.3657,0.72
▁represents,represents,12786,194099,0.0757,0.2925
▁requirement,要求,17008,24893,0.3884,0.1746
▁rescue,救,24954,237376,0.803,0.2632
▁research,研究,3679,15484,0.4836,0.4155
▁reset,重置,13846,173415,0.2314,0.508
▁resistance,抗,10942,237420,0.3186,0.144
▁resolution,分辨率,11879,224331,0.4226,0.744
▁resources,资源,6336,32337,0.414,0.4766
▁respect,尊敬,6207,127865,0.2937,0.4094
▁responsibility,责任,11752,46296,0.3296,0.6284
▁responsible,负责,9546,56328,0.2363,0.501
▁rest,休息,2066,57087,0.2834,0.7397
▁restore,恢复,9825,51645,0.1654,0.3164
▁result,结果,2196,22234,0.3694,0.5337
▁resume,简历,26672,223838,0.1749,0.4434
▁retail,零售,12633,152090,0.3208,0.643
▁review,评,3221,236806,0.1699,0.175
▁revolution,革命,15693,60792,0.517,0.651
▁rice,米,12463,236413,0.488,0.3635
▁rich,富,7277,236769,0.567,0.665
▁rid,rid,12705,1630,0.05005,0.2625
▁ride,骑,11316,238704,0.3213,0.3892
▁right,右,1833,236676,0.5557,0.8516
▁rights,权利,5691,130275,0.2255,0.3333
▁rise,升,9407,236902,0.2166,0.10754
▁risk,风险,5685,62823,0.2264,0.75
▁road,路,4376,236010,0.4536,0.557
▁robot,机器人,18571,120110,0.31,0.6367
▁rocket,火箭,33756,169998,0.3877,0.6978
▁rod,竿,15952,241104,0.2286,0.2898
▁role,角色,4731,31772,0.4001,0.2198
▁romantic,浪漫,23939,83473,0.166,0.3699
▁root,根,6880,236319,0.498,0.6943
▁rope,绳,26378,240505,0.618,0.5273
▁rough,粗,12001,238864,0.453,0.301
▁roughly,大致,25256,167188,0.0793,0.4365
▁row,排,2172,236551,0.1087,0.2091
▁rpm,rpm,42526,55660,0.3499,0.1519
▁rule,治,6933,236353,0.07135,0.065
▁run,跑,2060,237282,0.4524,0.525
▁rx,rx,33326,16485,0.1404,0.10504
▁s,s,485,235256,0.0683,0.07117
▁sad,悲,9270,238168,0.1111,0.2659
▁safety,安全,6514,18366,0.572,0.323
▁salad,沙拉,23216,213120,0.288,0.7036
▁salary,工资,18463,123528,0.372,0.596
▁sales,销售,7108,54650,0.3713,0.4702
▁salmon,鮭,30038,241500,0.1139,0.6064
▁salt,盐,9193,239541,0.581,0.8594
▁same,同,1809,235764,0.3188,0.388
▁sample,样,6453,235974,0.5244,0.3313
▁sand,沙,6154,237053,0.8467,0.65
▁satellite,卫星,27507,170083,0.2952,0.838
▁satin,satin,35530,151457,0.2168,0.4019
▁satisfied,满意,16202,88335,0.4675,0.576
▁sauce,酱,16009,239141,0.1777,0.525
▁say,说,1931,235726,0.2917,0.2847
▁scan,扫描,11138,103604,0.3367,0.606
▁schema,schema,25096,17810,0.2018,0.3477
▁scientist,科学家,38692,198259,0.0933,0.722
▁screenshot,截图,13703,42481,0.3494,0.63
▁sd,sd,32899,10710,0.1034,0.0516
▁sea,海,4176,235878,0.634,0.751
▁seafood,海鲜,45962,217642,0.2537,0.7437
▁search,搜索,4544,43944,0.2888,0.401
▁seasons,四季,19721,126733,0.4893,0.3696
▁secret,秘密,7401,56948,0.3137,0.8203
▁securities,证券,38784,164683,0.2722,0.3503
▁seem,seem,3307,110681,0.2637,0.2651
▁seemed,seemed,9238,229369,0.217,0.3618
▁seems,seems,4930,106310,0.1996,0.351
▁select,选,6616,236271,0.4482,0.1847
▁sell,卖,4874,237875,0.684,0.591
▁semester,学期,30239,181302,0.582,0.357
▁send,送,5527,236173,0.663,0.3276
▁sensitive,敏感,16955,97348,0.57,0.72
▁sentence,句,13060,236808,0.4385,0.609
▁sequence,序列,10629,93137,0.1412,0.651
▁series,系列,4100,25035,0.2573,0.7715
▁server,服务器,6934,32120,0.1624,0.622
▁service,服务,2566,13396,0.4028,0.596
▁seven,七,6861,236493,0.8794,0.9297
▁sex,性,5500,235753,0.5317,0.5483
▁sexy,性感,20007,135994,0.1444,0.6157
▁shaft,shaft,28966,132752,0.2498,0.527
▁shame,羞,21353,240062,0.37,0.3665
▁shape,形,7479,236117,0.2786,0.584
▁shark,鲨,38299,241858,0.2666,0.7104
▁she,她,1284,235873,0.4497,0.6265
▁shed,棚,26494,238901,0.1509,0.2255
▁sheep,羊,21304,237945,0.556,0.759
▁shell,壳,14768,239825,0.1755,0.7373
▁shield,盾,24042,239035,0.5005,0.744
▁ship,船,7509,237166,0.5366,0.458
▁shit,屎,8902,241676,0.2725,0.3367
▁shoes,鞋,9378,237851,0.3801,0.538
▁shoot,射,14929,237175,0.578,0.1733
▁shop,店,6920,235912,0.4944,0.5596
▁shopping,购物,9723,75450,0.286,0.7
▁shore,岸,19997,237977,0.2947,0.3645
▁short,短,3309,236809,0.702,0.7944
▁should,应该,1412,22517,0.1947,0.6
▁shoulder,肩,14999,238047,0.8877,0.671
▁shout,喊,44506,238771,0.1103,0.581
▁sigh,叹,33052,238930,0.0883,0.1687
▁sigma,sigma,50640,8341,0.1263,0.2615
▁signal,信号,9402,63879,0.3086,0.7134
▁signature,签名,16881,109805,0.3867,0.3975
▁silicon,硅,43810,241088,0.6772,0.6763
▁silk,丝,23754,237139,0.719,0.712
▁silver,银,8343,237527,0.4727,0.6533
▁simple,简单,3890,25512,0.379,0.591
▁simulation,模拟,20095,90534,0.553,0.4197
▁sing,唱,2800,237703,0.611,0.553
▁singer,歌手,21826,91981,0.578,0.692
▁single,单,3821,236133,0.467,0.3823
▁sir,先生,11291,19696,0.3264,0.4937
▁sit,坐,5045,236990,0.6094,0.3826
▁situation,情况,5841,19799,0.0666,0.624
▁six,六,4442,236425,0.917,0.922
▁skiing,滑雪,61710,224905,0.602,0.3728
▁skill,技,12534,236249,0.2137,0.373
▁skin,皮,5239,236624,0.1813,0.431
▁skirt,裙,23210,238728,0.793,0.7344
▁sku,sku,90467,36172,0.1197,0.1422
▁sky,天,8203,235654,0.569,0.2837
▁slave,奴,27950,238933,0.9375,0.633
▁sleep,睡,6284,237382,0.4087,0.552
▁sleeve,袖,17460,237785,0.5996,0.578
▁slide,滑,9499,237621,0.546,0.371
▁slot,槽,17453,238776,0.1198,0.1292
▁slow,慢,6080,237131,0.7056,0.7256
▁small,小,2301,235585,0.8765,0.6514
▁smoke,烟,15627,238020,0.559,0.6113
▁sn,sn,8483,14492,0.05334,0.1033
▁snake,蛇,26775,238521,0.7085,0.8647
▁snow,雪,8529,236722,0.7153,0.8755
▁so,so,712,931,0.12445,0.4456
▁society,社,8059,235999,0.1978,0.1716
▁sodium,钠,24566,243631,0.2922,0.79
▁sofa,沙发,25062,134013,0.0998,0.6523
▁soft,软,4072,237153,0.3154,0.7715
▁software,软件,6815,30149,0.4949,0.6406
▁soil,土,8360,236475,0.7827,0.452
▁soldier,兵,25574,236922,0.4019,0.4731
▁some,些,1009,235909,0.1549,0.2588
▁sometimes,有时,6947,120513,0.3206,0.7
▁son,子,2032,235535,0.2476,0.3967
▁song,歌,5169,236481,0.2974,0.741
▁sorry,对不起,9897,136037,0.2161,0.2832
▁soul,魂,9420,237747,0.2917,0.614
▁sound,声,4835,236140,0.4238,0.4626
▁soup,汤,21078,238259,0.412,0.2668
▁source,源,4303,236227,0.322,0.4304
▁south,南,8432,236144,0.8174,0.748
▁southeast,东南,41746,181873,0.3408,0.428
▁southwest,西南,53277,178325,0.4404,0.451
▁spa,SPA,9878,60922,0.115,0.1589
▁special,特,3186,235839,0.2573,0.2866
▁specific,特定,3724,78793,0.08704,0.4377
▁specification,规格,31368,111567,0.362,0.28
▁spider,蜘蛛,25221,112123,0.642,0.753
▁spine,脊,37262,240762,0.4663,0.3477
▁spirit,灵,6914,236900,0.12054,0.2817
▁sports,体育,9028,60585,0.3503,0.4697
▁spray,喷,13770,239078,0.56,0.548
▁spring,春,7921,236544,0.756,0.792
▁sr,sr,31915,19385,0.1335,0.0759
▁stable,stable,13440,25248,0.1035,0.4321
▁stainless,stainless,21227,88344,0.1448,0.4792
▁standard,标准,5039,38803,0.3203,0.593
▁star,星,2343,236181,0.6274,0.7754
▁start,开始,2238,14261,0.4272,0.392
▁station,站,7148,236438,0.3625,0.7646
▁statistics,统计,15617,57328,0.6987,0.529
▁status,地位,4938,85717,0.05533,0.3088
▁steal,偷,32261,238510,0.418,0.3916
▁steam,蒸,16044,238328,0.3752,0.265
▁step,步,4065,236202,0.294,0.582
▁sticker,贴,13331,237966,0.4175,0.1481
▁stir,攪,19825,242792,0.0974,0.2964
▁stock,股,2306,237169,0.0998,0.3508
▁stomach,胃,22197,238981,0.535,0.743
▁stone,石,9566,236231,0.521,0.751
▁stop,停,4673,236934,0.3887,0.663
▁storm,暴,14381,237607,0.2072,0.1077
▁story,故事,3904,27865,0.143,0.7974
▁straight,直,7673,235948,0.301,0.517
▁strange,怪,14614,237032,0.2356,0.7007
▁stranger,陌生,32113,130075,0.2449,0.456
▁strategy,策略,9803,64624,0.1892,0.731
▁strengthen,加强,17823,85023,0.2109,0.4653
▁strict,严,7724,237670,0.281,0.1332
▁strong,强,3779,236451,0.4905,0.622
▁structure,结构,5449,35400,0.1519,0.6475
▁student,学生,5913,18927,0.407,0.659
▁study,学,3320,235677,0.4636,0.2473
▁stupid,愚,16588,240297,0.1924,0.3054
▁submit,提交,12554,59527,0.2164,0.4387
▁subscribe,订阅,33596,130236,0.5273,0.292
▁subtle,subtle,29748,221539,0.2505,0.32
▁success,成功,3361,16838,0.4995,0.5166
▁suddenly,突然,14518,27004,0.307,0.774
▁sue,sue,16931,118960,0.2698,0.09875
▁sugar,糖,9347,237295,0.6406,0.787
▁suggestion,建议,22076,38599,0.681,0.5586
▁suitable,适,10383,237017,0.1866,0.2424
▁summer,夏,6186,236535,0.7344,0.74
▁sunny,晴,30619,237736,0.2484,0.3657
▁super,超,2557,236304,0.2131,0.2184
▁supplement,补,19168,237818,0.226,0.0894
▁supplier,供应商,29312,145933,0.1409,0.4902
▁supply,供,7254,236283,0.1396,0.2013
▁support,支持,2676,22802,0.3203,0.668
▁supposed,supposed,11460,198281,0.1201,0.511
▁sure,肯定,2821,37062,0.0663,0.1967
▁surname,姓,49034,238126,0.2095,0.3923
▁surprise,惊,14285,237271,0.1284,0.1669
▁survival,生存,19034,91206,0.3875,0.3716
▁sweep,掃,40879,238851,0.359,0.512
▁sweet,甜,7786,237613,0.5176,0.873
▁swimming,游泳,18829,132760,0.3398,0.637
▁switch,开关,8266,139060,0.2744,0.612
▁sync,同步,29067,88292,0.2532,0.1724
▁synthesis,合成,25639,100429,0.4548,0.2228
▁system,系统,1812,16376,0.2098,0.5806
▁table,桌子,3037,155808,0.1472,0.7637
▁tag,标签,5886,44697,0.2123,0.2474
▁tail,尾,10594,237158,0.5806,0.7783
▁take,取,1987,235855,0.264,0.3755
▁tank,坦克,9948,152270,0.397,0.6855
▁target,目标,4408,37522,0.2249,0.436
▁taste,味,10122,235992,0.183,0.4624
▁tax,税,4093,237170,0.584,0.841
▁tcp,tcp,86766,40728,0.647,0.254
▁tea,茶,1763,236602,0.888,0.7915
▁teach,教,4971,235998,0.6206,0.3145
▁teacher,老师,9382,33861,0.437,0.746
▁team,队,2970,236670,0.22,0.6523
▁tears,泪,18004,239017,0.273,0.5225
▁telephone,电话,19909,34533,0.3284,0.4067
▁television,电视,15734,51733,0.365,0.4575
▁temperature,温度,5809,51717,0.4226,0.67
▁template,模板,11387,78829,0.459,0.546
▁temple,寺,18464,237082,0.4814,0.828
▁temporary,临时,17819,114322,0.246,0.81
▁ten,十,2797,235905,0.757,0.875
▁tent,帳,10941,238518,0.2252,0.1866
▁terrible,可怕,16744,92995,0.1333,0.3682
▁test,试,2121,236539,0.3022,0.2698
▁text,文字,2793,25047,0.1594,0.2137
▁textile,纺,42704,241801,0.1495,0.1858
▁tf,tf,14655,10045,0.03967,0.03296
▁than,比,1178,235914,0.1117,0.2316
▁thank,谢谢,7593,49680,0.12415,0.3772
▁that,那,674,235779,0.4358,0.455
▁their,他们的,1024,42954,0.2192,0.4915
▁theme,主题,8882,53015,0.443,0.4668
▁they,他们,984,9649,0.4863,0.628
▁thick,厚,8028,237283,0.5176,0.688
▁thin,瘦,11342,239300,0.3193,0.7505
▁think,认为,1742,31609,0.179,0.288
▁thirty,三十,17831,53526,0.757,0.7334
▁this,这,736,235532,0.2137,0.655
▁those,那些,1941,28043,0.1654,0.572
▁though,though,2862,4189,0.0799,0.4265
▁thousand,千,12078,236497,0.4548,0.7563
▁three,三,2149,235745,0.8643,0.8374
▁threshold,threshold,18573,36209,0.4446,0.4465
▁throat,喉,27542,240061,0.619,0.5537
▁throw,投,8734,236369,0.3923,0.0933
▁thunder,雷,31608,237184,0.823,0.2274
▁ticket,票,15457,237232,0.7275,0.672
▁tide,潮,33162,237930,0.564,0.132
▁tiger,虎,31469,237655,0.5513,0.835
▁tight,紧,11818,237220,0.2678,0.2747
▁time,时,1069,235635,0.5083,0.5396
▁timely,及时,32947,80216,0.1792,0.1288
▁tired,疲,17955,238355,0.257,0.1755
▁tit,tit,6975,4798,0.0661,0.05368
▁titanium,钛,50247,243570,0.556,0.726
▁today,今天,3646,22180,0.2974,0.7163
▁toilet,厕所,19384,174989,0.1864,0.585
▁tomato,番茄,32493,158759,0.6587,0.6006
▁ton,吨,6611,240779,0.2893,0.6665
▁tongue,舌,22001,239319,0.6978,0.66
▁tool,工具,7217,33775,0.1086,0.3423
▁tooth,牙,20659,237427,0.6797,0.6055
▁top,顶,2267,237704,0.4492,0.6616
▁topic,话题,11381,109898,0.2289,0.506
▁total,总,3051,236437,0.1888,0.3972
▁touch,触,6437,237491,0.365,0.5474
▁tourism,旅游,27678,50692,0.2482,0.3918
▁toy,玩具,12849,107909,0.654,0.622
▁trace,迹,16453,238686,0.2898,0.2073
▁trademark,商标,51166,210267,0.101,0.53
▁traditional,传统,9121,46267,0.32,0.488
▁training,训练,4770,50710,0.2032,0.395
▁translation,翻译,17183,73583,0.2556,0.314
▁transparent,透明,17741,46068,0.3438,0.648
▁transport,运输,6676,107734,0.1849,0.429
▁trap,陷阱,23349,208228,0.2208,0.7495
▁treasure,宝,29936,236506,0.5537,0.673
▁treat,treat,3516,72433,0.0403,0.2798
▁tree,树,5421,237218,0.2534,0.833
▁trend,潮流,8493,182151,0.1423,0.2465
▁triangle,三角,23022,84255,0.3564,0.809
▁tribe,族,36259,236564,0.1487,0.3354
▁trigger,触发,14711,103996,0.08514,0.6006
▁trouble,麻烦,10779,80548,0.132,0.7227
▁true,真,1382,235710,0.5845,0.413
▁ts,ts,21568,617,0.04172,0.06866
▁tumor,瘤,24147,240384,0.2808,0.2954
▁tunnel,隧道,27475,169373,0.6064,0.672
▁turn,转,2894,236416,0.4258,0.4104
▁tutorial,教程,21061,104180,0.1975,0.5854
▁twelve,十二,20779,45638,0.5127,0.708
▁twenty,二十,11219,34464,0.618,0.702
▁two,二,1378,235796,0.814,0.838
▁tx,tx,23965,7250,0.2394,0.0788
▁type,型,1916,235954,0.08954,0.4146
▁typical,典型,13551,146043,0.4524,0.6523
▁ugly,丑,29207,239573,0.6284,0.2416
▁ui,ui,24850,2030,0.1489,0.03473
▁ultimate,终极,17027,231348,0.2289,0.5244
▁um,um,2378,600,0.0781,0.2935
▁undergraduate,本科,48639,176648,0.2335,0.2325
▁underground,地下,30073,61228,0.297,0.698
▁understand,理解,3508,29430,0.1061,0.3633
▁unified,统一,57777,86382,0.2437,0.2435
▁uniform,制服,12876,161154,0.07697,0.6
▁unit,单位,4982,48778,0.09717,0.465
▁unity,团结,25099,215187,0.1371,0.51
▁universe,宇宙,17745,46708,0.6235,0.3596
▁university,大学,13435,17616,0.3704,0.7007
▁unix,unix,150458,84337,0.3765,0.2377
▁unknown,未知,12417,112271,0.2244,0.5977
▁unless,除非,8841,128322,0.1313,0.6577
▁unlike,unlike,27078,161820,0.227,0.3347
▁until,直到,3274,61603,0.1344,0.7485
▁up,上,908,235502,0.709,0.2039
▁update,更新,4601,17414,0.8286,0.5635
▁upgrade,升级,18100,60575,0.4243,0.5405
▁upload,上传,16783,58944,0.574,0.539
▁urgent,急,34722,236879,0.5693,0.2864
▁url,url,7486,2457,0.178,0.1982
▁usage,用法,14335,134990,0.1896,0.3403
▁use,用,1281,235522,0.697,0.5913
▁useful,有用,7275,154256,0.1624,0.6064
▁user,用户,2425,16464,0.3855,0.617
▁username,用户名,14267,109477,0.3767,0.1487
▁usually,通常,5250,35760,0.414,0.498
▁utc,utc,150307,73989,0.1283,0.2015
▁vaccine,疫苗,21387,106130,0.6475,0.5835
▁vacuum,真空,23173,174221,0.2693,0.738
▁valley,谷,20309,236892,0.2634,0.3247
▁value,价值,1618,45545,0.1948,0.6323
▁valve,阀,19442,240616,0.3682,0.6733
▁vampire,吸血,58602,191892,0.3594,0.236
▁vault,vault,51651,85731,0.0795,0.476
▁vector,矢量,4301,31134,0.1864,0.541
▁vegetable,菜,26771,236445,0.5996,0.2793
▁version,版本,3797,35596,0.2042,0.55
▁vertical,竖,12991,240834,0.2056,0.3682
▁very,非常,1508,13585,0.3765,0.805
▁vice,副,16832,237350,0.809,0.303
▁victim,被害,17015,110126,0.2418,0.3728
▁victory,胜,15032,238054,0.4106,0.442
▁video,视频,3569,26112,0.4854,0.588
▁vintage,vintage,9963,18991,0.2172,0.3147
▁violate,违,60909,239685,0.284,0.1578
▁violence,暴力,13673,114994,0.2235,0.501
▁virgin,virgin,34719,93547,0.1542,0.5317
▁virus,病毒,12369,76032,0.4404,0.7715
▁visa,签证,29882,151247,0.4214,0.737
▁vital,vital,14595,106707,0.0729,0.2969
▁vitamin,维生素,23042,180524,0.2583,0.599
▁volunteer,志愿,29238,157428,0.2433,0.6357
▁vs,vs,5135,7255,0.1372,0.471
▁wait,待,4307,236435,0.173,0.3486
▁waiting,等待,9316,56049,0.2576,0.576
▁walk,行,5376,235599,0.218,0.11383
▁wall,墙,3587,237999,0.339,0.8276
▁wallet,钱包,21124,99485,0.2603,0.5728
▁wallpaper,壁纸,12567,186284,0.1254,0.3616
▁want,想,1938,235787,0.1877,0.4949
▁war,战,2036,236358,0.1554,0.5127
▁warehouse,仓库,33749,112744,0.2361,0.537
▁warm,暖,8056,237649,0.4175,0.5293
▁wash,洗,9903,236720,0.579,0.578
▁waste,废,9007,238896,0.1466,0.3206
▁water,水,2003,235773,0.7935,0.7725
▁waterproof,防水,33073,107311,0.741,0.4873
▁wave,波,9591,236715,0.2732,0.3406
▁we,我们,783,7078,0.3777,0.6914
▁weak,弱,8742,237580,0.3013,0.7285
▁weather,天气,8957,110711,0.2343,0.7534
▁website,网站,4451,37188,0.2576,0.529
▁week,周,2788,236185,0.629,0.726
▁weekend,周末,10762,150345,0.606,0.6855
▁welcome,欢迎,9319,51924,0.4502,0.5537
▁welfare,福利,22086,107797,0.4016,0.653
▁well,井,1578,236872,0.749,0.793
▁west,西,9764,235990,0.8867,0.773
▁wet,湿,10256,238315,0.511,0.4797
▁whale,鲸,47961,241947,0.359,0.906
▁what,什么,1212,6161,0.1632,0.636
▁wheat,麦,21251,238084,0.2076,0.2297
▁whisper,whisper,59039,233566,0.2776,0.6724
▁white,白,2674,235889,0.7095,0.7886
▁who,谁,1064,237144,0.3708,0.71
▁whole,全,3733,235731,0.2362,0.2401
▁why,为什么,3165,24681,0.403,0.651
▁wide,广,5396,236829,0.38,0.1759
▁wife,妻,6152,237549,0.6226,0.8496
▁wifi,wifi,29708,58428,0.4016,0.3484
▁wiki,维基,6104,198212,0.404,0.2361
▁wild,野,7571,236220,0.867,0.4268
▁willow,柳,81273,238110,0.388,0.235
▁wind,风,6785,236229,0.5127,0.8315
▁window,窗,5912,237739,0.2351,0.703
▁wine,酒,10058,236408,0.712,0.4695
▁wing,翼,17056,238600,0.332,0.779
▁winter,冬,7830,237030,0.7944,0.747
▁wipe,擦,42600,238785,0.1592,0.1178
▁wireless,无线,21311,136131,0.5146,0.4746
▁wisdom,智,21286,236898,0.2279,0.1938
▁wish,愿,6199,237648,0.4434,0.516
▁wolf,狼,27049,238430,0.8506,0.7656
▁woman,女,4323,235736,0.8823,0.825
▁wood,木,4656,236154,0.1649,0.707
▁wordpress,wordpress,121249,51627,0.2952,0.1144
▁worker,工,16585,235823,0.5864,0.4749
▁world,世界,2134,9979,0.575,0.6333
▁worry,担心,12067,61083,0.112,0.3848
▁worthy,worthy,23183,25570,0.0542,0.3271
▁wow,哇,30906,240097,0.6484,0.552
▁wrist,腕,29351,238630,0.6255,0.3442
▁write,写,5598,235908,0.5405,0.543
▁writer,作家,11729,79695,0.208,0.588
▁wrong,错,5206,236663,0.49,0.2385
▁year,年,1162,235489,0.8276,0.7905
▁yeast,酵,41463,239696,0.5474,0.2015
▁yellow,黄,8123,236675,0.6826,0.6704
▁yesterday,昨天,13351,85660,0.325,0.7046
▁yoga,瑜伽,20228,178011,0.5015,0.527
▁you,你,692,235608,0.4668,0.736
▁youth,青年,11481,60215,0.1992,0.5415
▁zero,零,8199,237812,0.6035,0.7144
▁zinc,锌,31823,242710,0.2827,0.8716
▁zip,zip,17458,12357,0.1498,0.4321
▁zoom,放大,23590,130425,0.3452,0.1575
